connection,time,rxpower,snr,qfactor,chdispcomp,carrieroffset,differentialgroupdelay,ber
0,0,-4.7,17.6,10.4,-1266,0.007,4,0.00046059
1,1,-0.2,17.7,10.4,-815,-0.011,7,0.000406996
2,1,-3.7,16.8,9.9,-5885,-0.043,10,0.000827817
3,2,-0.9,17.2,10.1,-5869,-0.001,7,0.000585622
4,3,-0.3,16.8,9.5,-829,0.104,11,0.001279795
5,4,-5.4,17.3,10.2,-1273,0.061,9,0.000530549
0,608,-4.6,17.6,10.3,-1268,-0.086,5,0.000456017
1,608,-0.2,17.7,10.5,-814,-0.04,7,0.000400259
2,609,-3.8,16.8,9.9,-5889,-0.11,9,0.000818641
3,610,-0.8,17.2,10.1,-5871,0.111,8,0.000617421
4,611,-0.3,16.8,9.5,-822,0.085,11,0.001279684
5,612,-5.4,17.5,10.3,-1267,0.034,9,0.000534106
0,643,-4.7,17.5,10.3,-1264,-0.02,5,0.000459395
1,643,-0.2,17.7,10.5,-814,-0.017,7,0.000411769
2,644,-3.8,16.9,9.9,-5889,-0.109,8,0.000785021
3,645,-0.8,17,10.1,-5871,0.144,8,0.000641739
4,646,-0.2,16.9,9.5,-824,0.097,10,0.0012677
5,647,-5.4,17.2,10.3,-1268,0.047,9,0.000536698
0,678,-4.7,17.4,10.3,-1272,0.012,5,0.000496522
1,678,-0.2,17.7,10.5,-814,-0.021,7,0.000383253
2,679,-3.8,16.9,9.9,-5889,-0.029,7,0.000838812
3,680,-0.9,17.2,10.1,-5870,0.163,10,0.000601417
4,681,-0.3,16.7,9.5,-827,0.05,11,0.00137082
5,682,-5.4,17.5,10.3,-1273,0.04,9,0.000509397
0,713,-4.7,17.5,10.4,-1267,0.028,5,0.000454502
1,714,-0.2,17.6,10.4,-817,-0.077,7,0.000418176
2,714,-3.8,16.9,9.9,-5889,-0.115,9,0.000812969
3,715,-0.8,17.1,10.1,-5871,-0.015,11,0.000628809
4,716,-0.3,16.7,9.5,-824,0.037,11,0.001291059
5,717,-5.4,17.3,10.3,-1266,0.009,9,0.000529373
0,748,-4.7,17.6,10.4,-1265,0.029,5,0.000454139
1,749,-0.2,17.7,10.5,-814,-0.034,7,0.000389545
2,749,-3.8,16.9,9.9,-5890,-0.15,11,0.000817779
3,750,-0.9,17,10.1,-5874,0.03,6,0.0006252
4,751,-0.3,16.9,9.5,-827,0.064,11,0.001350384
5,753,-5.4,17.3,10.3,-1273,0.033,9,0.000518021
0,784,-4.7,17.5,10.3,-1269,0.018,5,0.000515534
1,784,-0.2,17.8,10.4,-814,-0.071,7,0.000403969
2,785,-3.7,16.7,9.9,-5889,-0.135,9,0.000855058
3,786,-0.8,17.2,10.1,-5867,0.087,6,0.000643493
4,787,-0.3,16.8,9.5,-826,0.131,10,0.001262402
5,788,-5.4,17.5,10.2,-1269,0.005,9,0.000513751
0,819,-4.6,17.5,10.4,-1263,0.046,5,0.000455541
1,819,-0.2,17.7,10.5,-814,-0.058,7,0.000412305
2,820,-3.8,16.8,9.9,-5887,-0.13,10,0.000843912
3,821,-0.8,17.2,10.1,-5874,0.056,7,0.000638123
4,822,-0.3,16.7,9.5,-826,0.077,10,0.001288212
5,823,-5.4,17.4,10.3,-1269,0.028,9,0.000525424
0,854,-4.7,17.5,10.4,-1266,0.031,4,0.000450281
1,854,-0.2,17.7,10.4,-815,-0.055,7,0.000432143
2,855,-3.8,16.7,9.9,-5892,-0.044,10,0.000833246
3,856,-0.8,17,10.1,-5872,0.004,11,0.000675647
4,857,-0.3,16.8,9.5,-825,0.086,11,0.001371065
5,858,-5.4,17.3,10.2,-1273,0.037,10,0.00053745
0,889,-4.7,17.5,10.4,-1265,-0.064,4,0.000475877
1,889,-0.2,17.7,10.4,-816,-0.089,7,0.000398666
2,890,-3.8,16.9,9.9,-5888,-0.082,11,0.000871393
3,891,-0.8,17.2,10.1,-5872,0.029,7,0.000683807
4,892,-0.3,16.8,9.5,-825,0.127,10,0.001278777
5,893,-5.4,17.3,10.3,-1273,0.01,9,0.000514314
0,924,-4.7,17.6,10.3,-1264,-0.021,5,0.00046631
1,924,-0.2,17.7,10.4,-816,-0.058,7,0.000418621
2,925,-3.8,16.8,9.9,-5885,-0.107,11,0.00084907
3,926,-0.9,17.2,10.1,-5870,0.062,10,0.000608694
4,927,-0.3,16.9,9.5,-828,0.086,11,0.001336092
5,928,-5.5,17.3,10.3,-1270,-0.018,9,0.000529435
0,959,-4.7,17.5,10.4,-1262,-0.049,5,0.000451587
1,960,-0.2,17.7,10.4,-819,-0.097,7,0.000418392
2,960,-3.8,16.9,9.9,-5889,-0.067,11,0.000868055
3,961,-0.9,17.1,10.1,-5875,0.026,4,0.000634981
4,962,-0.3,16.8,9.5,-828,0.111,11,0.001354109
5,963,-5.5,17.4,10.3,-1269,0.013,10,0.000534227
0,994,-4.7,17.4,10.4,-1265,-0.045,5,0.000451899
1,995,-0.2,17.5,10.4,-814,-0.06,7,0.000412718
2,995,-3.8,16.9,9.9,-5890,-0.041,8,0.000810895
3,996,-0.9,17.1,10.1,-5873,0.046,12,0.000643962
4,997,-0.3,16.9,9.5,-831,0.072,11,0.001316298
5,998,-5.7,17.2,10.2,-1269,0.029,9,0.00055764
0,1029,-4.7,17.5,10.4,-1267,-0.065,5,0.000447463
1,1030,-0.2,17.6,10.4,-816,-0.049,7,0.000434426
2,1031,-3.8,16.9,9.9,-5888,-0.054,7,0.000825116
3,1031,-0.9,17.2,10.1,-5873,0.109,10,0.000624808
4,1032,-0.4,16.8,9.5,-829,0.059,11,0.001370625
5,1033,-5.7,17.3,10.2,-1268,0.056,9,0.000541786
0,1064,-4.7,17.4,10.3,-1265,-0.017,5,0.00043963
1,1065,-0.2,17.7,10.4,-814,-0.109,7,0.000422676
2,1066,-3.7,16.9,9.9,-5888,-0.123,9,0.000843342
3,1066,-0.9,17.2,10.1,-5871,0.19,8,0.000639194
4,1067,-0.3,16.8,9.5,-827,0.022,11,0.001292757
5,1068,-5.8,17.3,10.2,-1268,-0.014,10,0.000550174
0,1099,-4.6,17.6,10.3,-1266,-0.023,5,0.00045488
1,1100,-0.2,17.8,10.4,-814,-0.071,7,0.000428238
2,1101,-3.8,17,9.9,-5886,-0.127,11,0.00080645
3,1101,-0.9,17.1,10.1,-5872,0.124,11,0.000650425
4,1102,-0.3,16.7,9.5,-829,0.102,10,0.001304404
5,1104,-5.7,17.3,10.2,-1271,-0.025,10,0.000561261
0,1135,-4.6,17.6,10.4,-1266,0.04,5,0.000480274
1,1135,-0.2,17.8,10.4,-814,-0.056,7,0.000451754
2,1136,-3.7,16.9,9.9,-5889,-0.082,11,0.000855268
3,1137,-0.9,17.1,10.2,-5871,0.156,9,0.000618228
4,1138,-0.3,16.9,9.5,-828,0.099,11,0.001374073
5,1139,-5.7,17.3,10.2,-1271,0.03,9,0.000545402
0,1170,-4.7,17.5,10.4,-1266,0.074,4,0.000450925
1,1171,-0.2,17.7,10.4,-817,-0.113,7,0.000433836
2,1172,-3.8,16.9,9.9,-5887,-0.086,10,0.000818142
3,1172,-0.9,17.1,10.1,-5871,0.169,10,0.000658103
4,1174,-0.3,16.7,9.5,-829,-0.026,11,0.001295773
5,1175,-5.7,17.2,10.2,-1269,0.095,10,0.000536699
0,1206,-4.7,17.6,10.4,-1263,-0.013,5,0.00044327
1,1206,-0.2,17.7,10.4,-816,-0.082,7,0.000430027
2,1207,-3.8,17,9.9,-5891,-0.132,11,0.000839348
3,1208,-0.9,17.1,10.1,-5872,0.12,10,0.000647767
4,1209,-0.4,16.8,9.5,-826,0.082,10,0.00136231
5,1210,-5.8,17.2,10.2,-1273,0.064,10,0.000561476
0,1241,-4.6,17.5,10.4,-1263,0.026,5,0.000469938
1,1241,-0.2,17.7,10.4,-816,-0.086,7,0.00040909
2,1242,-3.7,16.8,9.9,-5888,-0.117,11,0.000869073
3,1243,-0.9,17,10.1,-5874,0.184,6,0.000612151
4,1244,-0.3,16.7,9.5,-826,-0.038,10,0.001345516
5,1245,-5.7,17.3,10.2,-1272,0.075,9,0.000535826
0,1276,-4.7,17.5,10.4,-1264,0.041,5,0.000456766
1,1277,-0.2,17.7,10.4,-816,-0.015,7,0.000417273
2,1277,-3.7,16.8,9.9,-5889,-0.118,9,0.000817392
3,1278,-0.8,17.1,10.1,-5871,0.21,11,0.000637769
4,1279,-0.3,16.8,9.5,-826,0.078,10,0.001318014
5,1280,-5.7,17.2,10.2,-1275,0.066,9,0.000552806
0,1311,-4.6,17.6,10.4,-1266,0.019,4,0.00045132
1,1312,-0.2,17.7,10.4,-814,-0.051,7,0.000439516
2,1313,-3.8,16.8,9.9,-5885,-0.052,11,0.000840991
3,1314,-0.9,17.1,10.1,-5871,0.144,8,0.000625494
4,1315,-0.3,16.8,9.5,-822,0.151,11,0.001376055
5,1315,-5.7,17.4,10.2,-1270,0.024,10,0.000556045
0,1346,-4.7,17.5,10.4,-1265,-0.037,4,0.000468183
1,1347,-0.2,17.5,10.4,-818,-0.12,7,0.000411957
2,1348,-3.7,16.7,9.9,-5887,-0.138,8,0.000827757
3,1349,-0.9,17.2,10.1,-5870,0.159,7,0.000649982
4,1350,-0.3,16.7,9.5,-830,0.092,10,0.001311302
5,1351,-5.7,17.2,10.2,-1271,-0.023,10,0.000544183
0,1382,-4.6,17.6,10.4,-1267,0.005,4,0.000467449
1,1387,-0.2,17.6,10.4,-816,-0.094,7,0.000425663
2,1387,-3.8,16.8,9.9,-5885,-0.114,10,0.000834413
3,1388,-0.9,17.2,10.1,-5873,0.058,8,0.000642772
4,1390,-0.3,16.7,9.5,-822,-0.023,10,0.001301972
5,1399,-5.7,17.3,10.2,-1270,-0.057,10,0.000547787
0,1430,-4.7,17.5,10.4,-1267,0.012,5,0.000459342
1,1431,-0.2,17.7,10.4,-816,-0.019,7,0.000411508
2,1432,-3.7,16.8,9.9,-5888,-0.103,10,0.000867204
3,1432,-0.8,17.1,10.1,-5870,0.065,9,0.000670963
4,1433,-0.3,16.8,9.5,-828,0.109,11,0.001320919
5,1434,-5.7,17.4,10.2,-1270,-0.02,9,0.000556762
0,1465,-4.6,17.5,10.4,-1266,-0.005,4,0.000437299
1,1466,-0.2,17.7,10.4,-817,-0.071,7,0.000448285
2,1467,-3.7,16.7,9.9,-5888,-0.102,10,0.000813985
3,1468,-0.9,17,10.1,-5870,0.073,12,0.000637401
4,1469,-0.3,16.8,9.5,-832,0.105,11,0.001347955
5,1469,-5.8,17.2,10.2,-1268,-0.03,9,0.000555984
0,1501,-4.7,17.8,10.4,-1262,0.024,4,0.000456386
1,1501,-0.2,17.7,10.4,-816,-0.094,7,0.000403491
2,1502,-3.8,16.8,9.9,-5892,-0.128,11,0.00086899
3,1503,-0.9,17.1,10.1,-5871,0.149,9,0.000650036
4,1504,-0.3,16.7,9.5,-822,0.041,11,0.001319155
5,1505,-5.8,17.3,10.2,-1271,0.068,9,0.000556644
0,1536,-4.6,17.5,10.4,-1265,-0.002,4,0.000450508
1,1536,-0.2,17.7,10.4,-820,-0.09,8,0.000427229
2,1537,-3.7,16.9,9.9,-5886,-0.112,8,0.000848048
3,1538,-0.9,17.3,10.1,-5867,0.134,12,0.000625535
4,1539,-0.3,16.8,9.5,-825,0.116,10,0.001357189
5,1540,-5.8,17.2,10.2,-1266,0.11,10,0.00055873
0,1571,-4.7,17.5,10.4,-1265,-0.049,4,0.000436763
1,1572,-0.1,17.6,10.4,-814,-0.107,7,0.000414835
2,1572,-3.7,16.8,9.9,-5890,-0.106,11,0.000851134
3,1573,-0.9,17.1,10.1,-5867,0.188,8,0.000670564
4,1574,-0.3,16.8,9.5,-823,0.01,10,0.00140136
5,1575,-5.8,17.3,10.2,-1273,0.097,9,0.000567243
0,1606,-4.7,17.5,10.4,-1267,-0.045,4,0.000446553
1,1607,-0.2,17.6,10.4,-813,-0.107,7,0.000434296
2,1607,-3.7,16.7,9.9,-5889,-0.116,10,0.000833838
3,1608,-0.9,17.2,10,-5868,0.092,5,0.000676863
4,1609,-0.3,16.7,9.5,-825,0.078,11,0.001328958
5,1610,-5.4,17.3,10.3,-1268,0.086,10,0.00053108
0,1641,-4.7,17.6,10.4,-1265,-0.009,5,0.000446611
1,1642,-0.2,17.6,10.4,-814,-0.127,7,0.000434092
2,1642,-3.7,16.9,9.9,-5887,-0.094,11,0.000863017
3,1643,-0.9,17.2,10.1,-5870,0.029,5,0.000746726
4,1644,-0.3,16.8,9.5,-827,0.008,11,0.001396117
5,1645,-5.4,17.3,10.3,-1270,-0.049,9,0.00050652
0,1676,-4.7,17.6,10.4,-1264,-0.013,5,0.000436802
1,1677,-0.1,17.7,10.4,-816,-0.041,7,0.000420916
2,1677,-3.8,16.9,9.9,-5887,-0.13,9,0.000842756
3,1678,-0.9,17.3,10.1,-5869,0.026,8,0.000651184
4,1679,-0.3,16.9,9.5,-829,0.033,10,0.001321692
5,1680,-5.4,17.4,10.3,-1270,-0.057,9,0.000537584
0,1711,-4.6,17.6,10.4,-1262,-0.025,5,0.000431053
1,1712,-0.2,17.6,10.4,-812,-0.126,7,0.000437814
2,1712,-3.7,16.8,9.9,-5885,-0.094,9,0.00079319
3,1713,-0.9,17.2,10,-5870,0.068,9,0.000691722
4,1714,-0.3,16.7,9.5,-825,0.158,10,0.001312214
5,1715,-5.4,17.2,10.3,-1266,-0.065,9,0.000547841
0,1746,-4.6,17.7,10.4,-1265,-0.043,5,0.000484836
1,1747,-0.2,17.7,10.4,-816,-0.059,7,0.000439692
2,1748,-3.7,16.8,9.9,-5889,-0.098,9,0.000802317
3,1748,-0.9,17.1,10.1,-5870,0.026,6,0.000692231
4,1749,-0.3,16.8,9.5,-827,-0.035,10,0.001354667
5,1750,-5.4,17.3,10.3,-1270,-0.048,9,0.000524864
0,1781,-4.7,17.6,10.4,-1262,0.029,5,0.000462093
1,1782,-0.1,17.8,10.4,-816,-0.017,7,0.000415121
2,1783,-3.7,16.8,9.9,-5888,-0.052,8,0.000872918
3,1784,-0.9,17.2,10.1,-5871,0.109,7,0.000631367
4,1785,-0.3,16.9,9.5,-828,0.052,11,0.001319751
5,1786,-5.3,17.4,10.3,-1271,0.045,10,0.000512122
0,1817,-4.6,17.5,10.4,-1265,-0.035,4,0.000448603
1,1817,-0.2,17.6,10.4,-814,0.011,7,0.000431286
2,1818,-3.7,16.9,9.9,-5891,-0.111,8,0.00080738
3,1819,-0.9,17.1,10.1,-5869,0.09,9,0.000620857
4,1820,-0.3,16.8,9.5,-830,0.102,11,0.001360356
5,1821,-5.4,17.3,10.3,-1272,-0.015,10,0.000543826
0,1852,-4.6,17.5,10.4,-1262,-0.021,5,0.000477888
1,1852,-0.2,17.7,10.4,-818,-0.04,7,0.000414676
2,1853,-3.7,16.8,9.9,-5886,-0.094,8,0.00083522
3,1854,-0.9,17.2,10.1,-5873,0.132,5,0.000650792
4,1855,-0.3,16.8,9.5,-825,0.181,10,0.001400207
5,1856,-5.4,17.4,10.3,-1268,0.079,9,0.000516757
0,1887,-4.7,17.5,10.4,-1263,-0.043,5,0.000460244
1,1888,-0.1,17.7,10.4,-816,-0.067,7,0.000422254
2,1888,-3.7,16.7,9.9,-5887,-0.126,8,0.000810068
3,1889,-0.9,17.3,10.1,-5870,0.199,4,0.000607113
4,1890,-0.3,16.8,9.5,-829,0.106,10,0.001277607
5,1891,-5.3,17.3,10.3,-1274,0.02,10,0.000509868
0,1922,-4.7,17.6,10.4,-1267,-0.028,4,0.000449748
1,1923,-0.2,17.7,10.4,-816,-0.062,7,0.000448358
2,1924,-3.7,16.9,9.9,-5886,-0.07,9,0.000783755
3,1925,-0.9,17.2,10.1,-5873,0.065,5,0.000639785
4,1926,-0.3,16.8,9.5,-829,0.097,11,0.001361615
5,1927,-5.3,17.4,10.3,-1272,-0.056,10,0.000525142
0,1958,-4.6,17.5,10.4,-1262,-0.042,4,0.000475119
1,1958,-0.2,17.7,10.4,-814,-0.092,7,0.000407583
2,1959,-3.8,16.9,9.9,-5886,-0.067,11,0.000872408
3,1960,-0.9,17.1,10.1,-5870,0.163,4,0.000604584
4,1961,-0.3,16.7,9.5,-827,0.042,10,0.001311623
5,1962,-5.3,17.4,10.3,-1269,-0.016,9,0.000510067
0,1993,-4.7,17.5,10.4,-1266,-0.07,5,0.000458714
1,1993,-0.2,17.7,10.4,-816,-0.105,7,0.000420267
2,1994,-3.7,16.9,9.9,-5889,-0.084,9,0.000836504
3,1995,-0.9,17.1,10.1,-5871,0.08,4,0.000645268
4,1996,-0.3,16.8,9.5,-822,0.08,10,0.001287709
5,1997,-5.4,17.4,10.3,-1268,0.071,10,0.00051995
0,2028,-4.6,17.5,10.4,-1263,0.008,5,0.00044594
1,2029,-0.2,17.6,10.4,-812,-0.033,7,0.000413369
2,2029,-3.7,16.8,9.9,-5885,-0.088,10,0.000808214
3,2030,-0.9,17.2,10,-5874,0.059,5,0.000703953
4,2031,-0.3,16.8,9.5,-824,0.025,10,0.001379961
5,2032,-5.3,17.3,10.3,-1269,0.114,9,0.000524044
0,2063,-4.6,17.7,10.4,-1262,-0.006,4,0.000451422
1,2064,-0.2,17.6,10.4,-818,-0.086,7,0.00046358
2,2064,-3.8,16.9,9.9,-5887,-0.062,9,0.000854375
3,2065,-0.9,17.1,10,-5870,0.045,9,0.00071222
4,2066,-0.3,16.8,9.5,-826,0.042,10,0.001281038
5,2067,-5.4,17.3,10.3,-1269,0.058,10,0.000520414
0,2098,-4.6,17.7,10.3,-1266,0.049,5,0.00048248
1,2099,-0.2,17.7,10.4,-818,-0.006,7,0.000436859
2,2100,-3.7,16.7,9.9,-5885,-0.118,7,0.000828673
3,2101,-0.9,17.2,10.1,-5872,0.092,10,0.0006326
4,2102,-0.3,16.8,9.5,-823,-0.001,10,0.001369449
5,2103,-5.3,17.2,10.3,-1270,-0.02,9,0.000518792
0,2134,-4.7,17.5,10.3,-1266,0.054,4,0.000451943
1,2134,-0.2,17.6,10.4,-815,-0.001,7,0.000421028
2,2135,-3.8,16.9,9.9,-5887,-0.15,8,0.000818259
3,2136,-0.9,17.1,10.1,-5871,0.045,5,0.000682703
4,2137,-0.3,16.7,9.5,-824,0.116,11,0.001286912
5,2138,-5.4,17.4,10.3,-1270,-0.018,10,0.000537897
0,2169,-4.7,17.6,10.4,-1264,0.014,5,0.000443621
1,2169,-0.2,17.7,10.4,-814,-0.006,7,0.000436
2,2170,-3.7,16.8,9.9,-5891,-0.103,8,0.000788363
3,2171,-0.9,17.1,10.1,-5871,0.08,5,0.000654873
4,2172,-0.4,16.7,9.5,-827,0.076,11,0.001273322
5,2173,-5.4,17.3,10.3,-1271,0.014,10,0.00054497
0,2204,-4.6,17.5,10.4,-1266,-0.001,5,0.000483957
1,2205,-0.2,17.6,10.4,-814,-0.069,6,0.000442544
2,2205,-3.7,16.9,9.9,-5894,-0.101,8,0.000848455
3,2206,-0.9,17.2,10.1,-5870,0.085,10,0.000651551
4,2207,-0.4,16.8,9.5,-822,0.021,11,0.001327276
5,2208,-5.4,17.3,10.3,-1270,0.011,10,0.000529944
0,2239,-4.7,17.6,10.4,-1264,-0.01,4,0.000459939
1,2240,-0.2,17.7,10.4,-816,-0.103,7,0.000422111
2,2241,-3.7,16.9,9.9,-5888,-0.1,5,0.000810033
3,2241,-0.9,17.1,10.1,-5867,0.017,8,0.00064905
4,2242,-0.3,16.8,9.5,-824,0.103,10,0.001273525
5,2243,-5.4,17.4,10.3,-1271,0.038,10,0.000526605
0,2274,-4.7,17.4,10.3,-1263,0.027,5,0.000456243
1,2287,-0.2,17.7,10.4,-816,-0.049,7,0.00041645
2,2288,-3.7,16.9,9.9,-5886,-0.007,8,0.000841234
3,2289,-0.9,17.2,10,-5873,-0.01,4,0.000676526
4,2290,-0.3,16.9,9.5,-826,0.063,10,0.00126919
5,2299,-5.4,17.3,10.3,-1273,-0.001,10,0.000528368
0,2330,-4.7,17.5,10.4,-1266,-0.002,5,0.000456696
1,2331,-0.2,17.7,10.4,-815,-0.016,7,0.000452187
2,2331,-3.7,16.9,9.9,-5886,-0.06,9,0.000789435
3,2332,-0.9,17.1,10.1,-5870,0.092,3,0.000671664
4,2333,-0.3,16.7,9.5,-829,0.087,11,0.001370307
5,2334,-5.4,17.4,10.3,-1269,0.03,10,0.000513031
0,2365,-4.6,17.4,10.3,-1263,0.021,5,0.000483007
1,2366,-0.2,17.6,10.4,-818,-0.042,7,0.000423184
2,2366,-3.7,17,9.9,-5889,-0.158,9,0.000827953
3,2368,-0.9,17.1,10.1,-5876,0.072,5,0.000658369
4,2368,-0.3,16.8,9.5,-826,0.039,10,0.001300083
5,2369,-5.3,17.4,10.3,-1266,-0.028,10,0.000532103
0,2400,-4.6,17.4,10.3,-1265,-0.013,5,0.00047264
1,2401,-0.2,17.6,10.4,-818,-0.096,7,0.000439595
2,2402,-3.7,16.8,9.9,-5889,-0.083,7,0.000815001
3,2403,-0.9,17.2,10.1,-5874,0.061,5,0.000636497
4,2403,-0.3,16.8,9.5,-823,0.062,11,0.001287642
5,2404,-5.4,17.2,10.3,-1273,0.044,10,0.000533559
0,2435,-4.6,17.5,10.3,-1265,-0.04,5,0.00044781
1,2436,-0.2,17.7,10.4,-818,-0.009,7,0.000419573
2,2437,-3.7,16.9,9.9,-5885,-0.069,7,0.000804454
3,2438,-0.9,17.2,10.1,-5870,0.045,6,0.000619437
4,2439,-0.3,16.6,9.5,-830,0.111,11,0.001375225
5,2440,-5.4,17.3,10.3,-1271,-0.049,10,0.000525942
0,2471,-4.7,17.4,10.3,-1266,-0.072,5,0.000462256
1,2471,-0.2,17.7,10.4,-817,-0.113,7,0.000413313
2,2472,-3.7,16.9,9.9,-5892,-0.082,8,0.000808761
3,2473,-0.9,17.2,10.1,-5874,0.066,3,0.00063104
4,2474,-0.3,16.8,9.5,-826,0.058,11,0.001274836
5,2475,-5.4,17.3,10.3,-1273,0.002,9,0.000506586
0,2506,-4.6,17.5,10.4,-1267,0,5,0.000466973
1,2506,-0.2,17.7,10.4,-814,-0.085,7,0.000429505
2,2507,-3.7,16.9,9.9,-5889,-0.069,6,0.000820477
3,2508,-0.9,17.1,10.2,-5871,0.125,10,0.000605345
4,2509,-0.3,16.9,9.5,-824,0.039,11,0.001356213
5,2510,-5.4,17.3,10.3,-1270,-0.037,10,0.000528132
0,2541,-4.6,17.5,10.3,-1266,-0.05,5,0.000467306
1,2541,-0.2,17.6,10.4,-814,-0.039,7,0.000415302
2,2542,-3.7,16.7,9.9,-5885,-0.072,6,0.00079944
3,2543,-0.9,17.2,10.1,-5871,0.109,7,0.000586255
4,2544,-0.3,16.9,9.5,-826,0.054,10,0.001278059
5,2545,-5.4,17.3,10.3,-1271,0.046,9,0.00052897
0,2576,-4.6,17.5,10.4,-1266,-0.024,5,0.000457755
1,2577,-0.2,17.6,10.4,-816,-0.029,7,0.000421802
2,2578,-3.7,16.8,9.9,-5889,-0.057,6,0.000777603
3,2579,-0.9,17.2,10.1,-5871,0.094,8,0.000607423
4,2580,-0.3,16.7,9.5,-826,0.125,10,0.001265041
5,2581,-5.4,17.4,10.3,-1268,0.009,10,0.000522703
0,2611,-4.6,17.4,10.3,-1270,-0.073,5,0.000499169
1,2612,-0.2,17.7,10.4,-819,0.024,7,0.000430165
2,2613,-3.7,16.7,9.9,-5886,-0.035,4,0.000815402
3,2614,-0.9,17.1,10.1,-5871,0.112,3,0.000666496
4,2615,-0.3,16.8,9.5,-826,0.069,11,0.001334485
5,2616,-5.4,17.4,10.3,-1272,0.053,10,0.000510624
0,2647,-4.6,17.5,10.3,-1261,0.069,5,0.000468633
1,2647,-0.2,17.7,10.4,-817,0.018,7,0.000413861
2,2648,-3.7,16.9,9.9,-5885,0.011,5,0.000814582
3,2649,-0.9,17.1,10.1,-5871,0.089,7,0.000618453
4,2650,-0.4,16.9,9.5,-825,0.044,11,0.001289271
5,2651,-5.3,17.3,10.3,-1271,0.004,10,0.000513635
0,2682,-4.7,17.6,10.4,-1264,0.022,5,0.000447575
1,2682,-0.1,17.7,10.4,-814,-0.031,7,0.000423429
2,2683,-3.8,16.8,9.9,-5888,-0.046,7,0.000785693
3,2684,-0.9,17.2,10.1,-5873,0.057,6,0.000624472
4,2685,-0.3,16.9,9.5,-828,0.086,10,0.001282003
5,2686,-5.3,17.3,10.3,-1268,0.002,10,0.000519028
0,2717,-4.6,17.6,10.3,-1268,0.071,5,0.000496015
1,2718,-0.2,17.7,10.4,-817,-0.061,7,0.00040118
2,2718,-3.8,16.8,9.9,-5888,-0.066,6,0.000819988
3,2719,-0.9,17.2,10.2,-5871,0.056,8,0.000593844
4,2720,-0.3,16.9,9.5,-827,0.047,10,0.001396
5,2721,-5.4,17.3,10.3,-1270,0.038,10,0.000515505
0,2752,-4.6,17.6,10.3,-1266,0.039,5,0.000470816
1,2753,-0.2,17.7,10.4,-816,-0.114,7,0.000431822
2,2753,-3.6,16.8,9.9,-5887,-0.044,8,0.000822569
3,2754,-0.9,17.2,10.1,-5877,0.069,5,0.000588761
4,2755,-0.3,16.9,9.5,-826,0.011,11,0.00129144
5,2756,-5.3,17.4,10.3,-1269,-0.02,9,0.000524182
0,2787,-4.7,17.5,10.3,-1264,0.12,5,0.000473434
1,2788,-0.2,17.7,10.4,-815,-0.109,7,0.000417248
2,2788,-3.6,16.8,9.9,-5890,-0.065,4,0.000805461
3,2789,-0.9,17.1,10.2,-5871,0.072,7,0.000622266
4,2790,-0.3,16.7,9.5,-826,0.045,11,0.001388596
5,2791,-5.4,17.2,10.3,-1268,0.039,9,0.000520545
0,2822,-4.7,17.4,10.4,-1268,0.051,5,0.000494252
1,2823,-0.2,17.7,10.4,-816,-0.019,7,0.000387827
2,2824,-3.7,16.9,9.9,-5889,-0.128,4,0.000820926
3,2825,-0.9,17.2,10.1,-5870,0.038,5,0.000635097
4,2826,-0.3,16.9,9.5,-824,0.048,11,0.001271393
5,2827,-5.4,17.4,10.3,-1269,0.038,10,0.000509293
0,2857,-4.7,17.5,10.4,-1267,0.055,5,0.000465726
1,2858,-0.2,17.7,10.4,-814,-0.005,7,0.000420391
2,2859,-3.6,16.9,9.9,-5891,-0.106,5,0.000837234
3,2860,-0.9,17.1,10.1,-5872,0.042,9,0.000605018
4,2861,-0.3,16.8,9.5,-826,0.095,11,0.00132832
5,2862,-5.4,17.2,10.3,-1274,0.083,10,0.000523117
0,2893,-5,17.6,10.4,-1264,-0.05,5,0.000431124
1,2893,-0.2,17.7,10.4,-815,0.007,7,0.00041056
2,2894,-3.7,17,9.9,-5887,-0.109,6,0.000788407
3,2895,-0.9,17,10.1,-5872,0.119,4,0.000659802
4,2896,-0.3,16.8,9.5,-830,0.04,10,0.001327505
5,2897,-5.4,17.4,10.3,-1268,0.047,10,0.00052763
0,2928,-4.9,17.6,10.4,-1265,-0.091,5,0.000451483
1,2929,-0.2,17.7,10.4,-814,0.002,7,0.000404508
2,2929,-3.7,17,9.9,-5892,-0.156,6,0.000821692
3,2930,-0.9,17.1,10.1,-5871,0.079,8,0.000644622
4,2931,-0.3,16.7,9.5,-825,0.103,10,0.001277716
5,2932,-5.4,17.4,10.3,-1269,0.038,10,0.000499415
0,2963,-5,17.5,10.4,-1265,-0.033,5,0.000453069
1,2964,-0.2,17.6,10.4,-815,-0.025,7,0.000418824
2,2965,-3.7,16.9,9.9,-5887,-0.134,8,0.000829744
3,2966,-0.9,17.1,10.2,-5871,0.091,9,0.000591631
4,2967,-0.3,16.7,9.5,-822,0.107,11,0.001348802
5,2968,-5.4,17.3,10.3,-1269,0.048,10,0.000523851
0,2999,-5,17.5,10.4,-1265,-0.061,4,0.000439582
1,2999,-0.2,17.6,10.4,-815,-0.021,6,0.000411136
2,3000,-3.7,16.9,9.9,-5887,-0.119,7,0.000807521
3,3001,-0.9,17.3,10.2,-5871,0.059,9,0.000593166
4,3002,-0.3,16.7,9.5,-823,0.028,11,0.001400238
5,3003,-5.4,17.2,10.3,-1266,-0.01,9,0.000521087
0,3034,-5,17.6,10.4,-1263,0.033,5,0.000441395
1,3034,-0.2,17.7,10.4,-814,-0.045,7,0.000426521
2,3035,-3.7,16.7,9.9,-5885,-0.083,8,0.000789497
3,3036,-0.9,17.1,10.2,-5870,0.059,6,0.000600817
4,3037,-0.3,16.8,9.5,-826,0.021,10,0.001313366
5,3038,-5.3,17.3,10.3,-1272,-0.036,10,0.00052947
0,3069,-4.9,17.5,10.4,-1266,-0.059,5,0.000442646
1,3070,-0.2,17.7,10.4,-814,-0.043,7,0.00042278
2,3070,-3.7,16.8,9.9,-5885,-0.01,7,0.000826212
3,3071,-0.9,17.2,10.1,-5871,0.094,9,0.000644643
4,3072,-0.3,16.8,9.5,-826,0.036,11,0.001344424
5,3074,-5.4,17.2,10.3,-1272,0.014,9,0.000508552
0,3105,-5,17.6,10.4,-1266,-0.03,5,0.000446095
1,3105,-0.2,17.7,10.4,-816,-0.084,7,0.000396466
2,3106,-3.7,16.8,9.9,-5887,-0.044,5,0.000810774
3,3107,-0.9,17.1,10.1,-5871,0.085,6,0.000672231
4,3108,-0.3,16.8,9.5,-826,-0.008,11,0.00129055
5,3109,-5.4,17.3,10.3,-1269,0.04,9,0.000524574
0,3140,-4.9,17.5,10.4,-1265,-0.016,5,0.00042766
1,3141,-0.2,17.6,10.4,-812,-0.073,7,0.00041903
2,3141,-3.7,16.8,9.9,-5885,-0.04,6,0.000800817
3,3142,-0.9,17.1,10.1,-5870,0.052,10,0.000632585
4,3143,-0.3,16.9,9.5,-828,-0.011,10,0.001268204
5,3144,-5.3,17.4,10.3,-1269,-0.004,10,0.000543753
0,3175,-5,17.5,10.4,-1269,-0.061,5,0.000422353
1,3186,-0.2,17.6,10.5,-814,-0.045,7,0.000422364
2,3187,-3.7,16.8,9.9,-5888,-0.188,5,0.000818903
3,3187,-0.9,17.1,10.1,-5874,0.084,8,0.000618439
4,3188,-0.3,16.8,9.5,-826,0.073,10,0.001297451
5,3189,-5.4,17.4,10.3,-1273,-0.018,10,0.000525873
0,3220,-5,17.5,10.4,-1262,-0.046,4,0.000437379
1,3221,-0.2,17.8,10.5,-820,-0.027,7,0.000396966
2,3222,-3.6,16.9,9.9,-5889,-0.117,8,0.000827823
3,3223,-0.9,17.1,10.1,-5875,0.05,8,0.000651811
4,3223,-0.3,16.8,9.5,-822,0.005,11,0.001395541
5,3224,-5.4,17.2,10.3,-1271,-0.048,9,0.000512174
0,3255,-4.9,17.5,10.4,-1265,-0.032,4,0.000434173
1,3256,-0.2,17.8,10.4,-815,-0.059,7,0.00039654
2,3257,-3.6,16.8,9.9,-5888,-0.096,8,0.00081451
3,3258,-0.9,17.2,10.1,-5873,0.098,10,0.000585434
4,3259,-0.3,16.8,9.5,-826,0.066,10,0.001282786
5,3260,-5.3,17.3,10.3,-1266,0.032,10,0.000530486
0,3291,-4.9,17.6,10.4,-1265,-0.013,4,0.000427306
1,3292,-0.2,17.6,10.4,-816,-0.074,7,0.00042086
2,3292,-3.7,16.8,9.9,-5889,-0.092,9,0.000801611
3,3293,-0.9,17.2,10.1,-5870,0.065,6,0.00065013
4,3294,-0.3,16.8,9.5,-827,0.058,11,0.001284478
5,3295,-5.3,17.2,10.3,-1269,-0.077,10,0.000532081
0,3326,-5,17.4,10.4,-1267,-0.023,5,0.000469231
1,3327,-0.2,17.7,10.5,-818,-0.088,7,0.000411743
2,3328,-3.7,17,9.9,-5888,-0.038,5,0.00079866
3,3329,-0.9,17.1,10.1,-5872,0.061,7,0.000637816
4,3330,-0.3,16.7,9.5,-823,-0.051,10,0.001363349
5,3331,-5.3,17.5,10.3,-1269,-0.018,10,0.000509012
0,3361,-5,17.5,10.4,-1266,-0.043,4,0.000434278
1,3362,-0.2,17.8,10.5,-819,-0.046,7,0.000377387
2,3363,-3.6,16.9,9.9,-5886,-0.016,5,0.000818735
3,3364,-0.8,17.1,10,-5873,0.111,4,0.000701583
4,3365,-0.2,16.7,9.5,-822,-0.007,11,0.001299754
5,3366,-5.4,17.3,10.3,-1269,-0.116,10,0.000510976
0,3397,-4.9,17.5,10.4,-1262,0.005,4,0.000431559
1,3398,-0.2,17.6,10.5,-812,-0.023,7,0.000412981
2,3398,-3.7,16.9,9.9,-5887,-0.01,7,0.000787619
3,3399,-0.9,17.2,10.1,-5874,0.058,7,0.000620338
4,3400,-0.3,16.9,9.5,-824,0.025,11,0.001364063
5,3401,-5.4,17.5,10.3,-1269,0.028,9,0.000531027
0,3432,-4.9,17.6,10.4,-1264,-0.075,4,0.000466751
1,3433,-0.2,17.6,10.5,-816,-0.047,7,0.000384846
2,3434,-3.6,16.8,9.9,-5885,-0.004,7,0.000837361
3,3435,-0.9,17.1,10.1,-5871,0.038,3,0.000601895
4,3436,-0.3,16.8,9.5,-827,-0.016,11,0.001411739
5,3437,-5.4,17.4,10.3,-1266,-0.03,10,0.000513622
0,3468,-5,17.5,10.4,-1266,-0.05,5,0.000441753
1,3468,-0.2,17.7,10.5,-818,-0.06,7,0.00038359
2,3469,-3.6,16.7,9.9,-5887,-0.014,9,0.000835783
3,3470,-0.9,17.2,10.1,-5874,0.042,10,0.000614439
4,3471,-0.3,16.8,9.5,-827,-0.021,11,0.001312983
5,3472,-5.4,17.2,10.3,-1270,0.125,10,0.000525622
0,3503,-5,17.5,10.4,-1264,0.019,4,0.000436276
1,3503,-0.2,17.7,10.5,-818,-0.085,7,0.000422597
2,3504,-3.6,17.1,9.9,-5888,-0.069,6,0.00077494
3,3505,-0.9,17.2,10.1,-5874,0.102,5,0.000634887
4,3506,-0.3,16.8,9.5,-825,0.113,11,0.001393753
5,3507,-5.4,17.3,10.3,-1275,0.102,10,0.000533323
0,3538,-5,17.6,10.4,-1266,-0.011,4,0.000462075
1,3538,-0.2,17.7,10.5,-818,-0.084,7,0.000378561
2,3539,-3.6,16.8,9.9,-5884,-0.116,5,0.000819666
3,3540,-0.9,17.1,10.1,-5873,0.116,8,0.000626693
4,3541,-0.3,17,9.5,-825,0.073,10,0.001285497
5,3542,-5.4,17.5,10.3,-1268,0.059,10,0.000504741
0,3573,-5,17.5,10.4,-1263,-0.04,4,0.00044436
1,3573,-0.2,17.7,10.4,-818,-0.017,7,0.00040392
2,3574,-3.6,16.9,9.9,-5887,-0.012,5,0.000816858
3,3575,-0.9,17.2,10.1,-5868,0.056,7,0.000618678
4,3577,-0.3,16.7,9.5,-824,-0.024,11,0.001312546
5,3578,-5.4,17.4,10.3,-1269,0.024,9,0.000520874
0,3609,-5,17.6,10.4,-1265,-0.004,5,0.00044016
1,3609,-0.2,17.8,10.5,-818,-0.019,7,0.000389626
2,3610,-3.7,16.8,9.9,-5886,-0.017,5,0.00080887
3,3611,-0.9,17.2,10.1,-5871,0.071,7,0.000616719
4,3612,-0.3,16.8,9.5,-829,0.123,10,0.001361785
5,3613,-5.4,17.3,10.3,-1272,-0.018,10,0.000532602
0,3644,-5,17.5,10.4,-1265,-0.008,5,0.00042741
1,3644,-0.2,17.7,10.5,-818,-0.106,7,0.000422598
2,3645,-3.7,16.8,9.9,-5891,-0.079,5,0.000813675
3,3646,-0.9,17.1,10.1,-5868,0.103,5,0.000670321
4,3647,-0.3,16.9,9.5,-826,0.018,11,0.00128885
5,3648,-5.4,17.2,10.3,-1273,-0.029,9,0.000527426
0,3679,-5,17.6,10.4,-1264,-0.04,5,0.000434769
1,3679,-0.2,17.7,10.4,-812,-0.116,7,0.000407051
2,3680,-3.6,16.8,9.9,-5885,-0.103,6,0.000831711
3,3681,-0.9,17.2,10.1,-5874,0.072,7,0.000636447
4,3682,-0.3,16.8,9.5,-822,0.009,11,0.001373339
5,3683,-5.4,17.4,10.3,-1275,0.055,10,0.000507461
0,3714,-4.9,17.6,10.4,-1265,-0.005,5,0.000442685
1,3715,-0.2,17.8,10.5,-814,-0.069,7,0.000396163
2,3716,-3.7,16.9,9.9,-5884,-0.037,7,0.000789333
3,3716,-0.9,17.2,10.1,-5874,0.094,6,0.000622962
4,3717,-0.3,16.8,9.5,-826,-0.019,10,0.00127518
5,3718,-5.4,17.4,10.3,-1270,-0.02,9,0.000519673
0,3749,-5,17.5,10.4,-1263,0.037,5,0.000437788
1,3750,-0.2,17.7,10.5,-814,-0.105,7,0.000401417
2,3751,-3.7,17,9.9,-5889,-0.034,7,0.000782088
3,3751,-0.9,17.2,10.2,-5872,0.054,10,0.000600652
4,3752,-0.3,16.8,9.5,-828,0.013,10,0.001325565
5,3754,-5.4,17.3,10.3,-1273,0.028,9,0.000545996
0,3785,-4.9,17.6,10.4,-1262,-0.014,4,0.000466663
1,3785,-0.2,17.6,10.5,-817,-0.032,7,0.00042173
2,3786,-3.7,17,9.9,-5888,-0.097,8,0.000786205
3,3787,-0.9,17.2,10.1,-5870,0.128,9,0.000639262
4,3788,-0.3,16.9,9.5,-827,0.017,11,0.001391582
5,3789,-5.3,17.3,10.3,-1271,-0.003,10,0.000514996
0,3820,-5,17.6,10.4,-1262,-0.085,5,0.000441515
1,3820,-0.2,17.5,10.5,-816,-0.012,7,0.000384077
2,3821,-3.7,16.8,9.9,-5888,0.029,7,0.000824475
3,3822,-0.8,17.1,10.1,-5874,-0.024,11,0.000633495
4,3823,-0.3,16.7,9.5,-826,0.07,10,0.001316565
5,3824,-5.3,17.3,10.3,-1273,-0.071,9,0.000512249
0,3855,-5,17.5,10.4,-1265,-0.081,5,0.000430236
1,3855,-0.2,17.7,10.5,-814,0.012,7,0.000412403
2,3856,-3.6,16.9,9.9,-5888,-0.066,8,0.000767044
3,3857,-0.9,17.2,10.1,-5872,0.08,9,0.000624251
4,3858,-0.3,16.7,9.5,-827,0.131,10,0.001320671
5,3859,-5.4,17.2,10.3,-1273,-0.034,9,0.000543042
0,3890,-4.9,17.7,10.4,-1269,-0.032,5,0.000469007
1,3891,-0.2,17.6,10.5,-818,-0.063,7,0.00038049
2,3891,-3.7,16.8,9.9,-5886,0.009,7,0.000843718
3,3892,-0.8,17,10.1,-5873,0.131,11,0.000647714
4,3893,-0.3,16.8,9.5,-828,0.062,10,0.001381267
5,3894,-5.4,17.4,10.3,-1270,-0.021,10,0.000495188
0,3925,-4.9,17.7,10.4,-1265,-0.067,4,0.000457127
1,3926,-0.2,17.7,10.5,-819,-0.117,7,0.000406476
2,3926,-3.7,16.7,9.9,-5888,-0.044,7,0.00079685
3,3927,-0.9,17.2,10.1,-5876,0.017,7,0.000632775
4,3928,-0.3,16.8,9.5,-825,-0.018,10,0.001270095
5,3929,-5.3,17.3,10.3,-1271,0.099,10,0.0005241
0,3960,-5,17.7,10.4,-1261,-0.099,4,0.000434743
1,3961,-0.2,17.6,10.4,-818,-0.065,7,0.000423407
2,3961,-3.7,16.9,9.9,-5885,-0.027,5,0.000772635
3,3962,-0.9,17,10.1,-5871,0.053,12,0.000666779
4,3963,-0.3,16.9,9.5,-827,0.064,10,0.001394022
5,3964,-5.3,17.4,10.3,-1270,0.032,10,0.000505956
0,3995,-5,17.5,10.4,-1269,0.001,5,0.000481998
1,3996,-0.2,17.7,10.5,-814,-0.109,7,0.000378955
2,3996,-3.7,16.8,9.9,-5890,-0.035,6,0.000802437
3,3997,-0.9,17.1,10.1,-5871,0.054,10,0.000650204
4,3999,-0.3,16.9,9.5,-830,-0.023,11,0.00131801
5,3999,-5.4,17.3,10.3,-1273,0.019,9,0.000504046
0,4030,-5,17.6,10.4,-1266,0.006,5,0.000466866
1,4031,-0.2,17.5,10.4,-818,-0.144,7,0.000416645
2,4032,-3.7,17,9.9,-5889,-0.058,7,0.000815816
3,4033,-0.9,17.1,10.1,-5877,0.069,10,0.000607908
4,4034,-0.3,16.8,9.5,-825,0,11,0.001324707
5,4035,-5.4,17.4,10.3,-1270,0.031,9,0.000525206
0,4066,-5,17.6,10.4,-1265,0.037,4,0.000436422
1,4067,-0.2,17.7,10.4,-816,-0.105,7,0.000429449
2,4088,-3.7,16.9,9.9,-5887,-0.045,6,0.000794569
3,4089,-0.9,17.2,10.1,-5871,0.029,8,0.000701099
4,4090,-0.3,16.7,9.5,-827,0.04,10,0.001306181
5,4099,-5.4,17.4,10.3,-1272,0.042,10,0.000498081
0,4130,-5,17.4,10.4,-1263,0.058,5,0.000442694
1,4131,-0.2,17.7,10.4,-816,-0.016,7,0.000423725
2,4132,-3.7,17,9.9,-5892,-0.102,7,0.000783931
3,4133,-0.9,17.2,10.1,-5874,0.145,11,0.00067336
4,4134,-0.3,16.7,9.5,-824,-0.02,10,0.001286682
5,4135,-5.4,17.3,10.3,-1272,0.004,10,0.00052236
0,4165,-4.9,17.6,10.4,-1263,0.034,5,0.000442797
1,4166,-0.2,17.7,10.4,-814,-0.116,7,0.000448625
2,4167,-3.7,16.8,9.9,-5887,-0.122,10,0.000797749
3,4168,-0.9,17.3,10.1,-5871,0.068,9,0.000649225
4,4169,-0.3,16.9,9.5,-826,0.012,10,0.001386253
5,4170,-5.3,17.3,10.3,-1272,0.065,10,0.000516913
0,4201,-4.9,17.7,10.4,-1266,0.036,5,0.000455769
1,4201,-0.2,17.7,10.5,-814,0.002,7,0.000382229
2,4202,-3.7,16.9,9.9,-5888,-0.04,7,0.000818825
3,4203,-0.9,17,10.1,-5878,0.008,5,0.000699846
4,4204,-0.3,16.8,9.5,-827,0.135,10,0.001327797
5,4205,-5.3,17.4,10.3,-1269,0.042,10,0.00050111
0,4236,-4.9,17.6,10.4,-1266,-0.003,5,0.00044984
1,4237,-0.2,17.8,10.4,-816,0.015,7,0.000422327
2,4237,-3.7,16.8,9.9,-5884,-0.065,9,0.000812585
3,4238,-0.9,17.2,10.1,-5874,0.021,10,0.000596611
4,4239,-0.3,16.8,9.5,-822,0.11,11,0.001303991
5,4240,-5.4,17.3,10.3,-1266,0.055,10,0.000519492
0,4271,-5,17.4,10.4,-1264,-0.061,5,0.000454908
1,4272,-0.2,17.6,10.4,-814,-0.011,7,0.000408171
2,4273,-3.7,16.9,9.9,-5889,-0.084,9,0.000819832
3,4273,-0.9,17.3,10.1,-5874,0.016,10,0.000657221
4,4274,-0.3,16.9,9.5,-826,0.053,11,0.001357598
5,4275,-5.4,17.4,10.3,-1268,0.026,10,0.000529957
0,4306,-5,17.6,10.4,-1262,-0.059,5,0.000427628
1,4307,-0.2,17.7,10.4,-812,-0.08,7,0.000437582
2,4308,-3.7,16.9,9.9,-5889,-0.038,8,0.000855442
3,4309,-0.9,17.2,10.1,-5873,0.089,9,0.000655989
4,4310,-0.3,16.7,9.5,-828,0.08,11,0.00127939
5,4311,-5.3,17.4,10.3,-1269,0.017,9,0.000511507
0,4342,-5,17.6,10.4,-1266,-0.077,5,0.000429553
1,4342,-0.2,17.6,10.4,-818,-0.1,7,0.000415071
2,4343,-3.7,16.8,9.9,-5887,-0.064,6,0.000815816
3,4344,-0.9,17,10.1,-5871,0.02,11,0.00069672
4,4345,-0.3,16.8,9.5,-824,0.117,11,0.001422178
5,4346,-5.4,17.4,10.3,-1272,0.06,10,0.000516657
0,4377,-4.9,17.5,10.4,-1263,-0.112,5,0.000442785
1,4378,-0.2,17.6,10.4,-816,-0.084,7,0.000412188
2,4378,-3.7,16.8,9.9,-5886,-0.094,5,0.00081564
3,4379,-0.9,17.2,10,-5873,0.028,6,0.000715776
4,4380,-0.3,16.8,9.5,-827,0.101,11,0.001328755
5,4381,-5.4,17.2,10.3,-1271,0.043,9,0.000521676
0,4412,-4.9,17.6,10.4,-1265,-0.072,5,0.000437902
1,4413,-0.2,17.6,10.4,-815,-0.161,7,0.00043042
2,4413,-3.7,17,9.9,-5886,-0.031,7,0.000783407
3,4414,-0.8,17.2,10,-5871,0.002,8,0.000715567
4,4415,-0.3,16.9,9.5,-828,0.022,11,0.001269936
5,4416,-5.4,17.3,10.3,-1273,0.002,9,0.000528601
0,4447,-4.9,17.4,10.4,-1266,-0.133,4,0.000474646
1,4448,-0.2,17.7,10.4,-814,0.007,7,0.000413266
2,4448,-3.7,16.8,9.9,-5887,-0.071,5,0.00082561
3,4449,-0.8,17.1,10.1,-5873,0.006,4,0.000710082
4,4450,-0.3,16.8,9.5,-822,0.006,10,0.00141238
5,4451,-5.4,17.4,10.3,-1270,-0.022,9,0.000507042
0,4482,-5,17.6,10.4,-1266,0.004,5,0.000442819
1,4483,-0.2,17.8,10.4,-816,-0.082,7,0.000408656
2,4484,-3.7,16.9,9.9,-5888,-0.083,7,0.000787202
3,4485,-0.8,17.1,10.1,-5871,0.026,9,0.000678766
4,4485,-0.3,16.8,9.5,-825,0.021,10,0.001297994
5,4486,-5.3,17.3,10.3,-1269,-0.01,10,0.000528059
0,4517,-5,17.5,10.4,-1262,-0.011,5,0.000434765
1,4518,-0.2,17.6,10.4,-814,-0.011,7,0.000424711
2,4519,-3.8,16.9,9.9,-5885,-0.067,6,0.000780597
3,4520,-0.9,17.1,10.1,-5872,0.047,5,0.000687353
4,4521,-0.2,16.8,9.5,-827,0.081,11,0.001334092
5,4521,-5.4,17.3,10.3,-1269,-0.023,9,0.000534944
0,4552,-5,17.4,10.4,-1265,-0.05,4,0.000460176
1,4553,-0.2,17.8,10.4,-818,-0.007,7,0.000390796
2,4554,-3.7,17,9.9,-5886,-0.085,5,0.000821126
3,4555,-0.9,17.2,10.1,-5871,0.142,8,0.000652792
4,4556,-0.3,16.9,9.5,-824,0.05,10,0.001377255
5,4557,-5.4,17.3,10.3,-1271,0.012,10,0.000505003
0,4588,-4.9,17.5,10.4,-1264,0.064,5,0.000444855
1,4589,-0.2,17.8,10.4,-817,0.007,7,0.000398458
2,4589,-3.8,16.9,9.9,-5889,-0.098,10,0.000810075
3,4590,-0.9,17.2,10.1,-5871,0.148,6,0.000628863
4,4591,-0.3,16.8,9.5,-826,0.048,10,0.001285907
5,4592,-5.3,17.3,10.3,-1269,-0.002,9,0.000511398
0,4623,-5,17.6,10.4,-1265,-0.021,4,0.000432461
1,4624,-0.2,17.6,10.4,-813,-0.038,7,0.000414325
2,4625,-3.7,16.8,9.9,-5887,-0.064,10,0.000778744
3,4626,-0.8,17.2,10.1,-5874,0.068,6,0.000678101
4,4626,-0.3,16.7,9.5,-827,0.039,10,0.001384953
5,4627,-5.4,17.3,10.3,-1270,0.043,10,0.000510648
0,4658,-5,17.5,10.4,-1263,-0.021,4,0.000463669
1,4659,-0.2,17.6,10.4,-816,-0.082,7,0.000388854
2,4660,-3.8,16.9,9.9,-5889,-0.077,7,0.000803815
3,4661,-0.9,17.2,10.1,-5871,0.154,5,0.000646509
4,4662,-0.3,16.8,9.5,-826,0.05,11,0.001331534
5,4663,-5.4,17.3,10.3,-1267,0.05,9,0.000512156
0,4693,-5,17.5,10.4,-1262,-0.046,5,0.000439255
1,4694,-0.2,17.6,10.5,-814,-0.133,7,0.000424284
2,4695,-3.7,16.9,9.9,-5886,-0.046,10,0.000829434
3,4696,-0.9,17.2,10.1,-5874,0.095,5,0.000635417
4,4697,-0.3,16.9,9.5,-826,0.034,11,0.001281277
5,4698,-5.4,17.3,10.3,-1269,0.041,10,0.000523326
0,4729,-5,17.5,10.4,-1263,-0.012,5,0.000433211
1,4729,-0.2,17.7,10.4,-816,-0.172,7,0.000416792
2,4730,-3.7,16.7,9.9,-5889,-0.101,7,0.000788466
3,4731,-0.9,17.2,10,-5874,0.111,11,0.00067109
4,4732,-0.3,16.8,9.5,-829,0.061,11,0.001363394
5,4733,-5.4,17.3,10.3,-1269,0.098,10,0.000525992
0,4764,-4.9,17.6,10.4,-1263,-0.062,5,0.000435381
1,4765,-0.2,17.7,10.4,-816,-0.069,7,0.000439813
2,4765,-3.7,16.9,9.9,-5887,-0.053,7,0.000814141
3,4766,-0.9,17.3,10.1,-5867,-0.006,5,0.000652175
4,4767,-0.3,16.7,9.5,-826,0.038,10,0.00128804
5,4768,-5.4,17.4,10.3,-1273,0.054,10,0.000529713
0,4799,-5,17.6,10.4,-1266,-0.035,4,0.000429013
1,4800,-0.2,17.7,10.4,-814,-0.069,7,0.000420016
2,4801,-3.8,16.8,9.9,-5888,-0.05,6,0.000789708
3,4801,-0.9,17,10,-5874,0.013,9,0.000668743
4,4803,-0.3,16.8,9.5,-822,0.058,10,0.001418707
5,4804,-5.3,17.3,10.3,-1268,0.053,10,0.000511457
0,4835,-5,17.6,10.4,-1262,-0.015,5,0.000432913
1,4835,-0.2,17.7,10.4,-816,-0.062,7,0.000394159
2,4836,-3.7,16.8,9.9,-5886,-0.112,10,0.000834708
3,4837,-0.8,17.2,10.1,-5872,0.038,7,0.000659811
4,4838,-0.2,16.8,9.5,-826,0.014,10,0.001323471
5,4839,-5.4,17.4,10.3,-1266,0.043,10,0.000525933
0,4870,-5,17.6,10.4,-1266,-0.048,4,0.000440771
1,4870,-0.2,17.6,10.4,-816,-0.022,7,0.000406878
2,4871,-3.7,17,9.9,-5886,-0.032,9,0.000784646
3,4872,-0.9,17.1,10.1,-5874,0.003,5,0.000642447
4,4873,-0.2,16.8,9.5,-826,0.065,11,0.001303216
5,4874,-5.4,17.3,10.3,-1272,-0.012,10,0.000526704
0,4905,-5,17.5,10.4,-1265,-0.022,5,0.000475992
1,4905,-0.2,17.5,10.4,-818,-0.012,7,0.000427585
2,4906,-3.7,16.8,9.9,-5889,-0.128,6,0.000818341
3,4907,-0.9,17.1,10,-5874,0.146,6,0.000716937
4,4908,-0.3,16.7,9.5,-823,0.041,10,0.001386334
5,4909,-5.4,17.3,10.3,-1271,-0.021,10,0.000508129
0,4940,-4.9,17.5,10.4,-1266,-0.028,5,0.000446976
1,4941,-0.2,17.8,10.4,-814,-0.016,7,0.000396593
2,4941,-3.7,17,9.9,-5889,-0.103,9,0.00080506
3,4942,-0.9,17.2,10.1,-5870,0.137,4,0.000682929
4,4943,-0.3,16.8,9.5,-827,0.104,11,0.001306218
5,4944,-5.4,17.4,10.3,-1270,-0.023,10,0.00052955
0,4975,-4.7,17.5,10.4,-1262,-0.029,5,0.000454584
1,4988,-0.1,17.8,10.4,-815,-0.112,7,0.00039431
2,4989,-3.8,16.8,9.9,-5885,-0.049,10,0.000832672
3,4990,-0.9,17.2,10.1,-5871,0.119,7,0.000653476
4,4999,-0.3,16.9,9.5,-827,0.086,11,0.001319629
5,5000,-5,17.3,10.3,-1269,-0.051,9,0.00051806
0,5031,-4.7,17.6,10.4,-1267,-0.024,5,0.000441166
1,5032,-0.2,17.7,10.4,-815,-0.077,7,0.000419641
2,5032,-3.8,16.9,9.9,-5885,-0.137,12,0.000819614
3,5033,-0.8,17.1,10.1,-5870,0.076,8,0.000658617
4,5034,-0.2,16.9,9.5,-827,0.078,10,0.001353805
5,5035,-5,17.3,10.3,-1272,-0.012,9,0.000500894
0,5066,-4.6,17.6,10.4,-1264,-0.017,6,0.000482338
1,5067,-0.1,17.7,10.4,-814,-0.072,7,0.000400006
2,5067,-3.7,16.9,9.9,-5886,-0.104,8,0.000831867
3,5068,-0.8,17.1,10,-5870,0.084,9,0.000732726
4,5069,-0.3,16.8,9.5,-824,-0.006,10,0.001271746
5,5070,-4.9,17.3,10.3,-1272,-0.043,9,0.000500872
0,5101,-4.7,17.5,10.3,-1266,-0.056,5,0.000473567
1,5102,-0.2,17.7,10.4,-816,-0.065,7,0.000426493
2,5103,-3.8,16.9,9.9,-5891,-0.119,11,0.000832992
3,5103,-0.9,17.2,10.1,-5871,0.04,8,0.000634166
4,5104,-0.3,16.7,9.5,-822,0.093,11,0.001296438
5,5105,-5,17.4,10.3,-1270,-0.066,10,0.000526797
0,5136,-4.6,17.5,10.4,-1264,-0.023,5,0.000438851
1,5137,-0.2,17.7,10.4,-814,-0.035,7,0.000412259
2,5138,-3.8,16.9,9.9,-5891,-0.113,10,0.000817009
3,5139,-0.8,17.1,10.1,-5874,0.082,8,0.000610257
4,5140,-0.3,16.8,9.5,-826,0.021,11,0.001390718
5,5140,-5,17.4,10.3,-1270,-0.047,10,0.000519662
0,5171,-4.7,17.5,10.4,-1267,0.015,4,0.000450919
1,5172,-0.2,17.7,10.4,-816,-0.117,7,0.000426109
2,5173,-3.8,16.8,9.9,-5889,-0.098,12,0.000836637
3,5174,-0.8,17.1,10.1,-5871,0.061,5,0.000646226
4,5175,-0.2,16.8,9.5,-827,0.023,11,0.001314805
5,5176,-5,17.3,10.3,-1273,-0.05,10,0.000507438
0,5206,-4.7,17.6,10.4,-1262,-0.022,5,0.000461241
1,5207,-0.2,17.6,10.4,-816,-0.042,7,0.000425063
2,5208,-3.8,16.8,9.9,-5885,-0.072,11,0.00087359
3,5209,-0.8,17.2,10,-5870,0.059,9,0.000703764
4,5210,-0.2,16.8,9.5,-827,-0.02,11,0.001355894
5,5211,-4.9,17.4,10.3,-1267,-0.014,10,0.000523526
0,5242,-4.6,17.5,10.4,-1266,-0.032,5,0.000437807
1,5242,-0.2,17.7,10.4,-814,-0.076,7,0.000404082
2,5243,-3.8,16.8,9.9,-5889,-0.003,9,0.000865516
3,5244,-0.9,17.2,10.1,-5874,0.12,12,0.000613067
4,5245,-0.3,16.8,9.5,-827,-0.032,10,0.001280253
5,5246,-5,17.2,10.3,-1268,0.072,10,0.000537064
0,5277,-4.6,17.6,10.4,-1264,0.015,5,0.000437546
1,5278,-0.2,17.7,10.4,-814,-0.063,7,0.00042352
2,5278,-3.7,16.6,9.9,-5889,-0.04,11,0.000838037
3,5279,-0.8,17.2,10.1,-5872,0.099,11,0.000695756
4,5280,-0.3,16.8,9.5,-827,0.04,11,0.001321469
5,5281,-5,17.4,10.3,-1275,0.106,10,0.000535547
